{
	"meshes" : [
		{
			"vertices" : [-0.407322,0.042793,0.560630,0.000000,2.194232,0.000000,-0.659060,0.042793,-0.214142,0.000000,0.042793,-0.692977,0.000000,2.194232,0.000000,0.659060,0.042793,-0.214142,0.407321,0.042793,0.560630,0.000000,2.194232,0.000000,-0.407322,0.042793,0.560630,-0.659060,0.042793,-0.214142,0.000000,2.194232,0.000000,0.000000,0.042793,-0.692977,0.659060,0.042793,-0.214142,0.000000,2.194232,0.000000,0.407321,0.042793,0.560630,0.000000,0.042793,-0.692977,0.659060,0.042793,-0.214142,0.407321,0.042793,0.560630,0.000000,0.042793,-0.692977,0.407321,0.042793,0.560630,-0.407322,0.042793,0.560630,0.000000,0.042793,-0.692977,-0.407322,0.042793,0.560630,-0.659060,0.042793,-0.214142],
			"texCoords" : [0.000000,0.000000,1.000000,0.000000,1.000000,1.000000,0.000000,0.000000,1.000000,0.000000,1.000000,1.000000,0.000000,0.000000,1.000000,0.000000,1.000000,1.000000,0.000000,0.000000,1.000000,0.000000,1.000000,1.000000,0.000000,0.000000,1.000000,0.000000,1.000000,1.000000,0.500000,1.000000,0.975528,0.654508,0.793893,0.095491,0.500000,1.000000,0.793893,0.095491,0.206107,0.095492,0.500000,1.000000,0.206107,0.095492,0.024472,0.654509],
			"material" : "bullet.png"
		}
	]
}