{
	"meshes" : [
		{
			"vertices" : [-0.125084,0.615032,-1.000000,-0.125084,0.615031,1.000000,0.462701,0.424048,1.000000,-0.125084,0.615032,-1.000000,0.462701,0.424048,1.000000,0.462701,0.424049,-1.000000,0.546277,0.309018,-1.000000,0.546277,0.309016,1.000000,0.546277,-0.309018,1.000000,0.546277,0.309018,-1.000000,0.546277,-0.309018,1.000000,0.546277,-0.309016,-1.000000,0.462701,-0.424048,-1.000000,0.462701,-0.424049,1.000000,-0.125084,-0.615032,1.000000,0.462701,-0.424048,-1.000000,-0.125084,-0.615032,1.000000,-0.125084,-0.615031,-1.000000,-0.260312,-0.571093,-1.000000,-0.260312,-0.571094,1.000000,-0.623583,-0.071094,1.000000,-0.260312,-0.571093,-1.000000,-0.623583,-0.071094,1.000000,-0.623583,-0.071093,-1.000000,-0.623583,0.071094,-1.000000,-0.623583,0.071093,1.000000,-0.260311,0.571093,1.000000,-0.623583,0.071094,-1.000000,-0.260311,0.571093,1.000000,-0.260311,0.571094,-1.000000,-0.125084,0.615032,-1.000000,0.462701,0.424049,-1.000000,0.546277,0.309018,-1.000000,-0.125084,0.615032,-1.000000,0.546277,0.309018,-1.000000,0.546277,-0.309016,-1.000000,-0.125084,0.615032,-1.000000,0.546277,-0.309016,-1.000000,0.462701,-0.424048,-1.000000,-0.125084,0.615032,-1.000000,0.462701,-0.424048,-1.000000,-0.125084,-0.615031,-1.000000,-0.125084,0.615032,-1.000000,-0.125084,-0.615031,-1.000000,-0.260312,-0.571093,-1.000000,-0.125084,0.615032,-1.000000,-0.260312,-0.571093,-1.000000,-0.623583,-0.071093,-1.000000,-0.125084,0.615032,-1.000000,-0.623583,-0.071093,-1.000000,-0.623583,0.071094,-1.000000,-0.125084,0.615032,-1.000000,-0.623583,0.071094,-1.000000,-0.260311,0.571094,-1.000000,-0.125084,0.615031,1.000000,-0.260311,0.571093,1.000000,-0.623583,0.071093,1.000000,-0.125084,0.615031,1.000000,-0.623583,0.071093,1.000000,-0.623583,-0.071094,1.000000,-0.125084,0.615031,1.000000,-0.623583,-0.071094,1.000000,-0.260312,-0.571094,1.000000,-0.125084,0.615031,1.000000,-0.260312,-0.571094,1.000000,-0.125084,-0.615032,1.000000,-0.125084,0.615031,1.000000,-0.125084,-0.615032,1.000000,0.462701,-0.424049,1.000000,-0.125084,0.615031,1.000000,0.462701,-0.424049,1.000000,0.546277,-0.309018,1.000000,-0.125084,0.615031,1.000000,0.546277,-0.309018,1.000000,0.546277,0.309016,1.000000,-0.125084,0.615031,1.000000,0.546277,0.309016,1.000000,0.462701,0.424048,1.000000],
			"texCoords" : [0.346186,0.347768,0.243530,0.031824,0.341162,0.000101,0.346186,0.347768,0.341162,0.000101,0.443819,0.316045,0.466280,0.323344,0.735040,0.128080,0.795380,0.211131,0.466280,0.323344,0.795380,0.211131,0.526620,0.406395,0.526620,0.430012,0.795377,0.625278,0.735037,0.708329,0.526620,0.430012,0.735037,0.708329,0.466280,0.513063,0.443818,0.520361,0.341161,0.836306,0.243529,0.804583,0.443818,0.520361,0.243529,0.804583,0.346186,0.488638,0.332304,0.469531,0.000101,0.469531,0.000102,0.366875,0.332304,0.469531,0.000102,0.366875,0.332304,0.366875,0.346186,0.347768,0.443819,0.316045,0.466280,0.323344,0.346186,0.347768,0.466280,0.323344,0.526620,0.406395,0.346186,0.347768,0.526620,0.406395,0.526620,0.430012,0.346186,0.347768,0.526620,0.430012,0.466280,0.513063,0.346186,0.347768,0.466280,0.513063,0.443818,0.520361,0.346186,0.347768,0.443818,0.520361,0.346186,0.488638,0.346186,0.347768,0.346186,0.488638,0.332304,0.469531,0.346186,0.347768,0.332304,0.469531,0.332304,0.366875,0.999899,0.111616,0.992600,0.134077,0.909550,0.194417,0.999899,0.111616,0.909550,0.194417,0.885932,0.194417,0.999899,0.111616,0.885932,0.194417,0.802881,0.134077,0.999899,0.111616,0.802881,0.134077,0.795583,0.111616,0.999899,0.111616,0.795583,0.111616,0.827306,0.013983,0.999899,0.111616,0.827306,0.013983,0.846412,0.000101,0.999899,0.111616,0.846412,0.000101,0.949069,0.000101,0.999899,0.111616,0.949069,0.000101,0.968176,0.013984],
			"material" : "purple.png"
		},
		{
			"vertices" : [0.587785,0.809018,-0.999999,0.587785,0.809016,1.000000,0.951057,0.309016,1.000000,0.587785,0.809018,-0.999999,0.951057,0.309016,1.000000,0.951057,0.309018,-1.000000,0.951056,-0.309016,-1.000000,0.951056,-0.309018,1.000000,0.587785,-0.809018,0.999999,0.951056,-0.309016,-1.000000,0.587785,-0.809018,0.999999,0.587785,-0.809016,-1.000000,-0.000000,-0.999999,-1.000001,-0.000000,-1.000001,0.999999,-0.587785,-0.809018,0.999999,-0.000000,-0.999999,-1.000001,-0.587785,-0.809018,0.999999,-0.587785,-0.809016,-1.000000,-0.951056,-0.309016,-1.000000,-0.951056,-0.309018,1.000000,-0.951056,0.309016,1.000000,-0.951056,-0.309016,-1.000000,-0.951056,0.309016,1.000000,-0.951056,0.309018,-1.000000,-0.587785,0.809018,-0.999999,-0.587785,0.809017,1.000000,0.000000,0.999999,1.000001,-0.587785,0.809018,-0.999999,0.000000,0.999999,1.000001,0.000000,1.000001,-0.999999,0.000000,0.999999,1.000001,-0.125084,0.615031,1.000000,-0.125084,0.615032,-1.000000,0.000000,0.999999,1.000001,-0.125084,0.615032,-1.000000,0.000000,1.000001,-0.999999,0.587785,0.809018,-0.999999,0.462701,0.424049,-1.000000,0.462701,0.424048,1.000000,0.587785,0.809018,-0.999999,0.462701,0.424048,1.000000,0.587785,0.809016,1.000000,0.951057,0.309016,1.000000,0.546277,0.309016,1.000000,0.546277,0.309018,-1.000000,0.951057,0.309016,1.000000,0.546277,0.309018,-1.000000,0.951057,0.309018,-1.000000,0.951056,-0.309016,-1.000000,0.546277,-0.309016,-1.000000,0.546277,-0.309018,1.000000,0.951056,-0.309016,-1.000000,0.546277,-0.309018,1.000000,0.951056,-0.309018,1.000000,0.587785,-0.809018,0.999999,0.462701,-0.424049,1.000000,0.462701,-0.424048,-1.000000,0.587785,-0.809018,0.999999,0.462701,-0.424048,-1.000000,0.587785,-0.809016,-1.000000,-0.000000,-0.999999,-1.000001,-0.125084,-0.615031,-1.000000,-0.125084,-0.615032,1.000000,-0.000000,-0.999999,-1.000001,-0.125084,-0.615032,1.000000,-0.000000,-1.000001,0.999999,-0.587785,-0.809018,0.999999,-0.260312,-0.571094,1.000000,-0.260312,-0.571093,-1.000000,-0.587785,-0.809018,0.999999,-0.260312,-0.571093,-1.000000,-0.587785,-0.809016,-1.000000,-0.951056,-0.309016,-1.000000,-0.623583,-0.071093,-1.000000,-0.623583,-0.071094,1.000000,-0.951056,-0.309016,-1.000000,-0.623583,-0.071094,1.000000,-0.951056,-0.309018,1.000000,-0.951056,0.309016,1.000000,-0.623583,0.071093,1.000000,-0.623583,0.071094,-1.000000,-0.951056,0.309016,1.000000,-0.623583,0.071094,-1.000000,-0.951056,0.309018,-1.000000,-0.587785,0.809018,-0.999999,-0.260311,0.571094,-1.000000,-0.260311,0.571093,1.000000,-0.587785,0.809018,-0.999999,-0.260311,0.571093,1.000000,-0.587785,0.809017,1.000000,-0.951056,0.309018,-1.000000,-0.623583,0.071094,-1.000000,-0.623583,-0.071093,-1.000000,-0.951056,0.309018,-1.000000,-0.623583,-0.071093,-1.000000,-0.951056,-0.309016,-1.000000,-0.587785,0.809018,-0.999999,0.000000,1.000001,-0.999999,-0.125084,0.615032,-1.000000,-0.587785,0.809018,-0.999999,-0.125084,0.615032,-1.000000,-0.260311,0.571094,-1.000000,0.951057,0.309018,-1.000000,0.546277,0.309018,-1.000000,0.462701,0.424049,-1.000000,0.951057,0.309018,-1.000000,0.462701,0.424049,-1.000000,0.587785,0.809018,-0.999999,0.587785,-0.809016,-1.000000,0.462701,-0.424048,-1.000000,0.546277,-0.309016,-1.000000,0.587785,-0.809016,-1.000000,0.546277,-0.309016,-1.000000,0.951056,-0.309016,-1.000000,-0.587785,-0.809016,-1.000000,-0.260312,-0.571093,-1.000000,-0.125084,-0.615031,-1.000000,-0.587785,-0.809016,-1.000000,-0.125084,-0.615031,-1.000000,-0.000000,-0.999999,-1.000001,-0.951056,0.309016,1.000000,-0.951056,-0.309018,1.000000,-0.623583,-0.071094,1.000000,-0.951056,0.309016,1.000000,-0.623583,-0.071094,1.000000,-0.623583,0.071093,1.000000,-0.587785,-0.809018,0.999999,-0.000000,-1.000001,0.999999,-0.125084,-0.615032,1.000000,-0.587785,-0.809018,0.999999,-0.125084,-0.615032,1.000000,-0.260312,-0.571094,1.000000,0.587785,-0.809018,0.999999,0.951056,-0.309018,1.000000,0.546277,-0.309018,1.000000,0.587785,-0.809018,0.999999,0.546277,-0.309018,1.000000,0.462701,-0.424049,1.000000,0.951057,0.309016,1.000000,0.587785,0.809016,1.000000,0.462701,0.424048,1.000000,0.951057,0.309016,1.000000,0.462701,0.424048,1.000000,0.546277,0.309016,1.000000,-0.587785,0.809017,1.000000,-0.260311,0.571093,1.000000,-0.125084,0.615031,1.000000,-0.587785,0.809017,1.000000,-0.125084,0.615031,