{
	"meshes" : [
		{
			"vertices" : [-0.631658,0.000000,-0.241622,-0.631658,0.000000,-0.664462,-0.208819,0.000000,-0.241622,-0.631658,0.000000,0.664462,-0.631658,0.000000,0.241622,-0.208819,0.000000,0.241622,0.858092,0.272170,0.157137,1.612663,-0.000000,0.000000,0.858092,0.272170,-0.157137,0.858091,-0.000000,-0.314275,1.612663,-0.000000,0.000000,0.858091,-0.272171,-0.157137,0.858091,-0.000000,0.314275,1.612663,-0.000000,0.000000,0.858092,0.272170,0.157137,0.858091,-0.272171,0.157137,1.612663,-0.000000,0.000000,0.858091,-0.000000,0.314275,0.858092,0.272170,-0.157137,1.612663,-0.000000,0.000000,0.858091,-0.000000,-0.314275,0.858091,-0.272171,-0.157137,1.612663,-0.000000,0.000000,0.858091,-0.272171,0.157137,-0.636157,0.000000,-0.314275,0.858091,-0.000000,-0.314275,0.858091,-0.272171,-0.157137,-0.636157,0.000000,-0.314275,0.858091,-0.272171,-0.157137,-0.636157,-0.272170,-0.157137,-0.636157,-0.272170,0.157137,0.858091,-0.272171,0.157137,0.858091,-0.000000,0.314275,-0.636157,-0.272170,0.157137,0.858091,-0.000000,0.314275,-0.636157,0.000001,0.314275,-0.636157,0.000001,0.314275,0.858091,-0.000000,0.314275,0.858092,0.272170,0.157137,-0.636157,0.000001,0.314275,0.858092,0.272170,0.157137,-0.636157,0.272171,0.157137,-0.636157,0.272171,-0.157137,0.858092,0.272170,-0.157137,0.858091,-0.000000,-0.314275,-0.636157,0.272171,-0.157137,0.858091,-0.000000,-0.314275,-0.636157,0.000000,-0.314275,-0.636157,-0.272170,-0.157137,0.858091,-0.272171,-0.157137,0.858091,-0.272171,0.157137,-0.636157,-0.272170,-0.157137,0.858091,-0.272171,0.157137,-0.636157,-0.272170,0.157137,-0.636157,0.000000,-0.314275,-0.636157,-0.272170,-0.157137,-0.636157,-0.272170,0.157137,-0.636157,0.000000,-0.314275,-0.636157,-0.272170,0.157137,-0.636157,0.000001,0.314275,-0.636157,0.000000,-0.314275,-0.636157,0.000001,0.314275,-0.636157,0.272171,0.157137,-0.636157,0.000000,-0.314275,-0.636157,0.272171,0.157137,-0.636157,0.272171,-0.157137,-0.636157,0.272171,0.157137,0.858092,0.272170,0.157137,0.858092,0.272170,-0.157137,-0.636157,0.272171,0.157137,0.858092,0.272170,-0.157137,-0.636157,0.272171,-0.157137],
			"texCoords" : [0.414137,0.000117,0.828156,0.414137,0.000117,0.414137,0.000117,0.999883,0.000117,0.414371,0.585629,0.414371,0.000000,0.000000,1.000000,0.000000,1.000000,1.000000,0.000000,0.000000,1.000000,0.000000,1.000000,1.000000,0.000000,0.000000,1.000000,0.000000,1.000000,1.000000,0.000000,0.000000,1.000000,0.000000,1.000000,1.000000,0.000000,0.000000,1.000000,0.000000,1.000000,1.000000,0.000000,0.000000,1.000000,0.000000,1.000000,1.000000,0.000000,0.000000,1.000000,0.000000,1.000000,1.000000,0.000000,0.000000,1.000000,1.000000,0.000000,1.000000,0.000000,0.000000,1.000000,0.000000,1.000000,1.000000,0.000000,0.000000,1.000000,1.000000,0.000000,1.000000,0.000000,0.000000,1.000000,0.000000,1.000000,1.000000,0.000000,0.000000,1.000000,1.000000,0.000000,1.000000,0.000000,0.000000,1.000000,0.000000,1.000000,1.000000,0.000000,0.000000,1.000000,1.000000,0.000000,1.000000,0.000000,0.000000,1.000000,0.000000,1.000000,1.000000,0.000000,0.000000,1.000000,1.000000,0.000000,1.000000,0.500000,1.000000,0.933013,0.750000,0.933013,0.250000,0.500000,1.000000,0.933013,0.250000,0.500000,0.000000,0.500000,1.000000,0.500000,0.000000,0.066987,0.250000,0.500000,1.000000,0.066987,0.250000,0.066987,0.750000,0.000000,0.000000,1.000000,0.000000,1.000000,1.000000,0.000000,0.000000,1.000000,1.000000,0.000000,1.000000],
			"material" : "redwhiteblue.png"
		}
	]
}