{
	"meshes" : [
		{
			"vertices" : [-0.563212,-1.53835,-0.222694,-0.564972,-1.8588,-0.227067,-0.559395,-1.53781,-0.263907,-0.561155,-1.85826,-0.268281,-0.547611,-1.53733,-0.303585,-0.549371,-1.85778,-0.307958,-0.528312,-1.53694,-0.340202,-0.530072,-1.85739,-0.344575,-0.50224,-1.53664,-0.372351,-0.504,-1.85709,-0.376724,-0.470397,-1.53645,-0.398796,-0.472156,-1.85691,-0.40317,-0.434006,-1.53639,-0.418523,-0.435766,-1.85684,-0.422896,-0.394467,-1.53644,-0.430771,-0.396227,-1.85689,-0.435145,-0.353298,-1.5366,-0.435071,-0.355058,-1.85706,-0.439445,-0.312082,-1.53688,-0.431258,-0.313842,-1.85733,-0.435631,-0.272402,-1.53726,-0.419477,-0.274162,-1.85771,-0.423851,-0.235784,-1.53772,-0.400183,-0.237544,-1.85818,-0.404556,-0.203635,-1.53826,-0.374115,-0.205395,-1.85871,-0.378488,-0.17719,-1.53884,-0.342276,-0.178949,-1.85929,-0.346649,-0.157465,-1.53944,-0.30589,-0.159224,-1.8599,-0.310263,-0.145218,-1.54005,-0.266354,-0.146978,-1.8605,-0.270728,-0.140921,-1.54063,-0.225188,-0.142681,-1.86109,-0.229562,-0.144738,-1.54117,-0.183975,-0.146497,-1.86163,-0.188349,-0.156522,-1.54165,-0.144297,-0.158282,-1.86211,-0.148671,-0.175821,-1.54205,-0.107681,-0.177581,-1.8625,-0.112054,-0.201893,-1.54234,-0.075532,-0.203653,-1.86279,-0.079905,-0.233736,-1.54253,-0.049086,-0.235496,-1.86298,-0.053459,-0.270127,-1.5426,-0.02936,-0.271886,-1.86305,-0.033733,-0.309666,-1.54255,-0.017111,-0.311426,-1.863,-0.021485,-0.350835,-1.54238,-0.012811,-0.352595,-1.86283,-0.017184,-0.392051,-1.5421,-0.016624,-0.393811,-1.86255,-0.020998,-0.431731,-1.54172,-0.028405,-0.43349,-1.86218,-0.032779,-0.468349,-1.54126,-0.0477,-0.470108,-1.86171,-0.052073,-0.500498,-1.54073,-0.073768,-0.502258,-1.86118,-0.078141,-0.526943,-1.54015,-0.105607,-0.528703,-1.8606,-0.10998,-0.546668,-1.53954,-0.141993,-0.548428,-1.86,-0.146367,-0.558915,-1.53893,-0.181529,-0.560674,-1.85939,-0.185902],
			"indices" : [0,1,3,0,3,2,2,3,5,2,5,4,4,5,7,4,7,6,6,7,9,6,9,8,8,9,11,8,11,10,10,11,13,10,13,12,12,13,15,12,15,14,14,15,17,14,17,16,16,17,19,16,19,18,18,19,21,18,21,20,20,21,23,20,23,22,22,23,25,22,25,24,24,25,27,24,27,26,26,27,29,26,29,28,28,29,31,28,31,30,30,31,33,30,33,32,32,33,35,32,35,34,34,35,37,34,37,36,36,37,39,36,39,38,38,39,41,38,41,40,40,41,43,40,43,42,42,43,45,42,45,44,44,45,47,44,47,46,46,47,49,46,49,48,48,49,51,48,51,50,50,51,53,50,53,52,52,53,55,52,55,54,54,55,57,54,57,56,56,57,59,56,59,58,58,59,61,58,61,60,3,1,63,3,63,61,3,61,59,3,59,57,3,57,55,3,55,53,3,53,51,3,51,49,3,49,47,3,47,45,3,45,43,3,43,41,3,41,39,3,39,37,3,37,35,3,35,33,3,33,31,3,31,29,3,29,27,3,27,25,3,25,23,3,23,21,3,21,19,3,19,17,3,17,15,3,15,13,3,13,11,3,11,9,3,9,7,3,7,5,62,63,1,62,1,0,60,61,63,60,63,62,0,2,4,0,4,6,0,6,8,0,8,10,0,10,12,0,12,14,0,14,16,0,16,18,0,18,20,0,20,22,0,22,24,0,24,26,0,26,28,0,28,30,0,30,32,0,32,34,0,34,36,0,36,38,0,38,40,0,40,42,0,42,44,0,44,46,0,46,48,0,48,50,0,50,52,0,52,54,0,54,56,0,56,58,0,58,60,0,60,62]
		},
		{
			"vertices" : [-1.17412,2.05894,-0.633043,1.2826,2.04564,-0.647556,1.27162,0.045861,-0.675016,-1.18511,0.059155,-0.660503,-1.16739,2.04306,0.520579,1.28933,2.02976,0.506066,1.27835,0.029983,0.478606,-1.17838,0.043278,0.49312,-1.17412,2.05894,-0.633043,1.2826,2.04564,-0.647556,-1.16739,2.04306,0.520579,1.28933,2.02976,0.506066,-0.890172,2.49801,-0.496792,1.00505,2.48775,-0.507988,-0.884981,2.48576,0.393161,1.01024,2.47551,0.381965,-0.55952,2.71961,-0.341373,0.678673,2.71291,-0.348688,-0.556129,2.71161,0.240054,0.682064,2.70491,0.232739,-0.322508,2.79558,-0.230896,0.443818,2.79143,-0.235423,-0.320409,2.79063,0.128953,0.445917,2.78648,0.124426,0.725558,-1.53873,-0.440559,-0.653497,-1.53127,-0.432412,0.729336,-1.54764,0.207014,-0.64972,-1.54018,0.215161],
			"indices" : [0,4,10,0,10,8,5,6,2,5,2,1,6,7,27,6,27,26,7,4,0,7,0,3,0,1,2,0,2,3,7,6,5,7,5,4,9,8,12,9,12,13,4,5,11,4,11,10,5,1,9,5,9,11,1,0,8,1,8,9,15,13,17,15,17,19,8,10,14,8,14,12,10,11,15,10,15,14,11,9,13,11,13,15,19,17,21,19,21,23,13,12,16,13,16,17,12,14,18,12,18,16,14,15,19,14,19,18,22,23,21,22,21,20,17,16,20,17,20,21,16,18,22,16,22,20,18,19,23,18,23,22,26,27,25,26,25,24,7,3,25,7,25,27,2,6,26,2,26,24,3,2,24,3,24,25]
		},
		{
			"vertices" : [-1.16533,2.08164,0.218315,-1.17836,0.086676,-0.158977,-5.52254,0.10538,0.21653,-1.1746,0.077801,0.485817,-1.13714,0.067484,-0.159574],
			"indices" : [2,3,4,3,2,0,2,1,0]
		},
		{
			"vertices" : [1.25751,2.06928,0.149567,1.24078,0.064727,0.471898,5.59223,0.044653,0.193176,1.25137,0.073521,-0.172822,1.19935,0.045992,0.471054],
			"indices" : [2,3,4,3,2,0,2,1,0]
		},
		{
			"vertices" : [0.224156,-1.54136,-0.235392,0.222396,-1.86181,-0.239765,0.227973,-1.54082,-0.276605,0.226213,-1.86127,-0.280979,0.239757,-1.54034,-0.316283,0.237997,-1.86079,-0.320656,0.259056,-1.53995,-0.352899,0.257296,-1.8604,-0.357273,0.285128,-1.53965,-0.385049,0.283368,-1.8601,-0.389422,0.316971,-1.53947,-0.411494,0.315211,-1.85992,-0.415868,0.353362,-1.5394,-0.431221,0.351602,-1.85985,-0.435594,0.392901,-1.53945,-0.443469,0.391141,-1.8599,-0.447843,0.43407,-1.53961,-0.447769,0.43231,-1.86007,-0.452143,0.475286,-1.53989,-0.443956,0.473526,-1.86035,-0.448329,0.514965,-1.54027,-0.432175,0.513206,-1.86072,-0.436549,0.551583,-1.54073,-0.41288,0.549824,-1.86119,-0.417254,0.583733,-1.54127,-0.386813,0.581973,-1.86172,-0.391186,0.610178,-1.54185,-0.354974,0.608418,-1.8623,-0.359347,0.629903,-1.54245,-0.318587,0.628143,-1.86291,-0.322961,0.64215,-1.54306,-0.279052,0.64039,-1.86351,-0.283425,0.646447,-1.54364,-0.237886,0.644687,-1.8641,-0.24226,0.64263,-1.54419,-0.196673,0.64087,-1.86464,-0.201046,0.630846,-1.54466,-0.156995,0.629086,-1.86512,-0.161369,0.611547,-1.54506,-0.120378,0.609787,-1.86551,-0.124752,0.585475,-1.54535,-0.088229,0.583715,-1.86581,-0.092603,0.553632,-1.54554,-0.061784,0.551872,-1.86599,-0.066157,0.517241,-1.54561,-0.042057,0.515481,-1.86606,-0.046431,0.477702,-1.54556,-0.029809,0.475942,-1.86601,-0.034182,0.436533,-1.54539,-0.025509,0.434773,-1.86584,-0.029882,0.395317,-1.54511,-0.029322,0.393557,-1.86556,-0.033696,0.355637,-1.54473,-0.041103,0.353877,-1.86519,-0.045476,0.319019,-1.54427,-0.060398,0.317259,-1.86472,-0.064771,0.28687,-1.54374,-0.086466,0.28511,-1.86419,-0.090839,0.260424,-1.54316,-0.118304,0.258665,-1.86361,-0.122678,0.240699,-1.54255,-0.154691,0.23894,-1.86301,-0.159064,0.228453,-1.54194,-0.194226,0.226693,-1.8624,-0.1986],