{
	"meshes" : [
		{
			"vertices" : [2.64001,-0.01162,0.551719,2.9605,-0.011593,0.551719,2.64001,-0.052814,0.547662,2.9605,-0.052787,0.547662,2.64002,-0.092425,0.535646,2.9605,-0.092398,0.535646,2.64002,-0.128931,0.516133,2.96051,-0.128904,0.516133,2.64002,-0.160928,0.489874,2.96051,-0.160901,0.489874,2.64003,-0.187188,0.457876,2.96051,-0.187161,0.457876,2.64003,-0.206701,0.421371,2.96052,-0.206674,0.421371,2.64003,-0.218716,0.38176,2.96052,-0.21869,0.38176,2.64003,-0.222774,0.340567,2.96052,-0.222747,0.340567,2.64003,-0.218716,0.299373,2.96052,-0.21869,0.299373,2.64003,-0.206701,0.259762,2.96052,-0.206674,0.259762,2.64003,-0.187188,0.223257,2.96051,-0.187161,0.223257,2.64002,-0.160928,0.191259,2.96051,-0.160901,0.191259,2.64002,-0.128931,0.165,2.96051,-0.128904,0.165,2.64002,-0.092425,0.145487,2.9605,-0.092398,0.145487,2.64001,-0.052814,0.133471,2.9605,-0.052787,0.133471,2.64001,-0.01162,0.129414,2.9605,-0.011593,0.129414,2.64001,0.029574,0.133471,2.96049,0.029601,0.133471,2.64,0.069185,0.145487,2.96049,0.069212,0.145487,2.64,0.105691,0.165,2.96049,0.105717,0.165,2.64,0.137688,0.191259,2.96049,0.137715,0.191259,2.63999,0.163948,0.223257,2.96048,0.163975,0.223257,2.63999,0.18346,0.259762,2.96048,0.183487,0.259762,2.63999,0.195476,0.299373,2.96048,0.195503,0.299373,2.63999,0.199533,0.340567,2.96048,0.19956,0.340567,2.63999,0.195476,0.381761,2.96048,0.195503,0.381761,2.63999,0.18346,0.421371,2.96048,0.183487,0.421371,2.63999,0.163948,0.457877,2.96048,0.163974,0.457877,2.64,0.137688,0.489874,2.96049,0.137715,0.489874,2.64,0.10569,0.516133,2.96049,0.105717,0.516133,2.64,0.069185,0.535646,2.96049,0.069211,0.535646,2.64001,0.029574,0.547662,2.96049,0.0296,0.547662],
			"indices" : [0,1,3,0,3,2,2,3,5,2,5,4,4,5,7,4,7,6,6,7,9,6,9,8,8,9,11,8,11,10,10,11,13,10,13,12,12,13,15,12,15,14,14,15,17,14,17,16,16,17,19,16,19,18,18,19,21,18,21,20,20,21,23,20,23,22,22,23,25,22,25,24,24,25,27,24,27,26,26,27,29,26,29,28,28,29,31,28,31,30,30,31,33,30,33,32,32,33,35,32,35,34,34,35,37,34,37,36,36,37,39,36,39,38,38,39,41,38,41,40,40,41,43,40,43,42,42,43,45,42,45,44,44,45,47,44,47,46,46,47,49,46,49,48,48,49,51,48,51,50,50,51,53,50,53,52,52,53,55,52,55,54,54,55,57,54,57,56,56,57,59,56,59,58,58,59,61,58,61,60,3,1,63,3,63,61,3,61,59,3,59,57,3,57,55,3,55,53,3,53,51,3,51,49,3,49,47,3,47,45,3,45,43,3,43,41,3,41,39,3,39,37,3,37,35,3,35,33,3,33,31,3,31,29,3,29,27,3,27,25,3,25,23,3,23,21,3,21,19,3,19,17,3,17,15,3,15,13,3,13,11,3,11,9,3,9,7,3,7,5,62,63,1,62,1,0,60,61,63,60,63,62,0,2,4,0,4,6,0,6,8,0,8,10,0,10,12,0,12,14,0,14,16,0,16,18,0,18,20,0,20,22,0,22,24,0,24,26,0,26,28,0,28,30,0,30,32,0,32,34,0,34,36,0,36,38,0,38,40,0,40,42,0,42,44,0,44,46,0,46,48,0,48,50,0,50,52,0,52,54,0,54,56,0,56,58,0,58,60,0,60,62]
		},
		{
			"vertices" : [-0.947893,-0.474992,1.17965,-0.947893,-0.474992,-1.27715,1.05211,-0.474992,-1.27715,1.05211,-0.474992,1.17965,-0.947893,0.67876,1.17965,-0.947893,0.67876,-1.27715,1.05211,0.67876,-1.27715,1.05211,0.67876,1.17965,-0.947893,-0.474992,1.17965,-0.947893,-0.474992,-1.27715,-0.947893,0.67876,1.17965,-0.947893,0.67876,-1.27715,-1.39035,-0.343142,0.898891,-1.39035,-0.343142,-0.99639,-1.39035,0.54691,0.898891,-1.39035,0.54691,-0.99639,-1.61587,-0.188862,0.570367,-1.61587,-0.188862,-0.667866,-1.61587,0.39263,0.570367,-1.61587,0.39263,-0.667866,-1.69465,-0.078061,0.334426,-1.69465,-0.078061,-0.431925,-1.69465,0.281829,0.334426,-1.69465,0.281829,-0.431925,2.63631,-0.221939,-0.738299,2.63631,-0.221939,0.6408,2.63631,0.425706,-0.738299,2.63631,0.425706,0.6408],
			"indices" : [0,4,10,0,10,8,5,6,2,5,2,1,6,7,27,6,27,26,7,4,0,7,0,3,0,1,2,0,2,3,7,6,5,7,5,4,9,8,12,9,12,13,4,5,11,4,11,10,5,1,9,5,9,11,1,0,8,1,8,9,15,13,17,15,17,19,8,10,14,8,14,12,10,11,15,10,15,14,11,9,13,11,13,15,19,17,21,19,21,23,13,12,16,13,16,17,12,14,18,12,18,16,14,15,19,14,19,18,22,23,21,22,21,20,17,16,20,17,20,21,16,18,22,16,22,20,18,19,23,18,23,22,26,27,25,26,25,24,7,3,25,7,25,27,2,6,26,2,26,24,3,2,24,3,24,25]
		},
		{
			"vertices" : [-0.982333,0.376009,1.17602,1.01767,0.026138,1.17602,1.01767,0.376009,5.52238,1.01767,0.671004,1.17602,1.03664,0.026045,1.13469],
			"indices" : [2,3,4,3,2,0,2,1,0]
		},
		{
			"vertices" : [-0.982333,0.321569,-1.24722,1.01767,0.671354,-1.23943,1.01767,0.418322,-5.59251,1.01767,0.026647,-1.25379,1.03664,0.670526,-1.19812],
			"indices" : [2,3,4,3,2,0,2,1,0]
		},
		{
			"vertices" : [2.63887,-0.019683,-0.235715,2.95936,-0.019656,-0.235715,2.63887,-0.060877,-0.239772,2.95936,-0.06085,-0.239772,2.63888,-0.100488,-0.251788,2.95937,-0.100461,-0.251788,2.63888,-0.136993,-0.2713,2.95937,-0.136966,-0.2713,2.63888,-0.168991,-0.29756,2.95937,-0.168964,-0.29756,2.63889,-0.19525,-0.329557,2.95937,-0.195224,-0.329557,2.63889,-0.214763,-0.366063,2.95938,-0.214736,-0.366063,2.63889,-0.226779,-0.405673,2.95938,-0.226752,-0.405673,2.63889,-0.230836,-0.446867,2.95938,-0.230809,-0.446867,2.63889,-0.226779,-0.488061,2.95938,-0.226752,-0.488061,2.63889,-0.214763,-0.527672,2.95938,-0.214736,-0.527672,2.63889,-0.19525,-0.564177,2.95937,-0.195224,-0.564177,2.63888,-0.168991,-0.596174,2.95937,-0.168964,-0.596174,2.63888,-0.136993,-0.622434,2.95937,-0.136966,-0.622434,2.63888,-0.100488,-0.641946,2.95937,-0.100461,-0.641946,2.63887,-0.060877,-0.653962,2.95936,-0.06085,-0.653962,2.63887,-0.019683,-0.658019,2.95936,-0.019656,-0.658019,2.63887,0.021512,-0.653962,2.95936,0.021538,-0.653962,2.63886,0.061122,-0.641946,2.95935,0.061149,-0.641946,2.63886,0.097628,-0.622434,2.95935,0.097655,-0.622434,2.63886,0.129626,-0.596174,2.95935,0.129652,-0.596174,2.63886,0.155885,-0.564177,2.95934,0.155912,-0.564177,2.63885,0.175398,-0.527671,2.95934,0.175425,-0.527671,2.63885,0.187414,-0.488061,2.95934,0.187441,-0.488061,2.63885,0.191471,-0.446867,2.95934,0.191498,-0.446867,2.63885,0.187414,-0.405673,2.95934,0.18744,-0.405673,2.63885,0.175398,-0.366062,2.95934,0.175425,-0.366062,2.63886,0.155885,-0.329557,2.95934,0.155912,-0.329557,2.63886,0.129625,-0.29756,2.95935,0.129652,-0.29756,2.63886,0.097628,-0.2713,2.95935,0.097655,-0.2713,2.63886,0.061122,-0.251788,2.95935,0.061149,-0.251788,2.63887,0.021511,-0.239772,2.95936,0.021538,-0.239772],