{
	"meshes" : [
		{
			"vertices" : [-0.382683,0.92388,0,-0.707107,0.707107,0,-0.92388,0.382683,0,-1,-0,0,-0.92388,-0.382684,0,-0.707107,-0.707107,0,-0.382683,-0.92388,0,-0.270598,0.92388,-0.270598,-0.5,0.707107,-0.5,-0.653282,0.382683,-0.653281,-0.707107,-0,-0.707107,-0.653282,-0.382684,-0.653281,-0.5,-0.707107,-0.5,-0.270598,-0.92388,-0.270598,-0,0.92388,-0.382683,-0,0.707107,-0.707107,-0,0.382683,-0.923879,-0,-0,-1,-0,-0.382684,-0.923879,-0,-0.707107,-0.707107,-0,-0.92388,-0.382683,-0,1,0,0.270598,0.92388,-0.270598,0.5,0.707107,-0.5,0.653281,0.382683,-0.653281,0.707107,-0,-0.707107,0.653281,-0.382684,-0.653281,0.5,-0.707107,-0.5,0.270598,-0.92388,-0.270598,0.382683,0.92388,0,0.707106,0.707107,0,0.923879,0.382683,0,1,-0,0,0.923879,-0.382684,0,0.707106,-0.707107,0,0.382683,-0.92388,0,0.270598,0.92388,0.270598,0.5,0.707107,0.5,0.653281,0.382683,0.653282,0.707106,-0,0.707107,0.653281,-0.382684,0.653282,0.5,-0.707107,0.5,0.270598,-0.92388,0.270598,-0,-1,0,-0,0.92388,0.382683,-0,0.707107,0.707107,-0,0.382683,0.92388,-0,-0,1,-0,-0.382684,0.92388,-0,-0.707107,0.707107,-0,-0.92388,0.382683,-0.270598,0.92388,0.270598,-0.5,0.707107,0.5,-0.653282,0.382683,0.653281,-0.707107,-0,0.707107,-0.653282,-0.382684,0.653281,-0.5,-0.707107,0.5,-0.270598,-0.92388,0.270598],
			"indices" : [6,5,12,6,12,13,2,1,8,2,8,9,5,4,11,5,11,12,1,0,7,1,7,8,4,3,10,4,10,11,3,2,9,3,9,10,12,11,18,12,18,19,8,7,14,8,14,15,11,10,17,11,17,18,10,9,16,10,16,17,13,12,19,13,19,20,9,8,15,9,15,16,19,18,26,19,26,27,15,14,22,15,22,23,18,17,25,18,25,26,17,16,24,17,24,25,20,19,27,20,27,28,16,15,23,16,23,24,27,26,33,27,33,34,23,22,29,23,29,30,26,25,32,26,32,33,25,24,31,25,31,32,28,27,34,28,34,35,24,23,30,24,30,31,34,33,40,34,40,41,30,29,36,30,36,37,33,32,39,33,39,40,32,31,38,32,38,39,35,34,41,35,41,42,31,30,37,31,37,38,41,40,48,41,48,49,37,36,44,37,44,45,40,39,47,40,47,48,39,38,46,39,46,47,42,41,49,42,49,50,38,37,45,38,45,46,49,48,55,49,55,56,45,44,51,45,51,52,48,47,54,48,54,55,47,46,53,47,53,54,50,49,56,50,56,57,46,45,52,46,52,53,43,6,13,0,21,7,43,13,20,7,21,14,43,20,28,14,21,22,43,28,35,22,21,29,43,35,42,29,21,36,43,42,50,36,21,44,43,50,57,44,21,51,56,55,4,56,4,5,52,51,0,52,0,1,55,54,3,55,3,4,43,57,6,51,21,0,54,53,2,54,2,3,57,56,5,57,5,6,53,52,1,53,1,2]
		}
	]
}